Timestamp,car-id,car-type,gate-name
2015-07-01 01:58:19,20155801015819-968,5,entrance1
2015-07-01 02:10:11,20155801015819-968,5,general-gate7
2015-07-01 02:23:49,20155801015819-968,5,entrance3
2015-07-01 03:39:19,20153901033919-894,3,entrance0
2015-07-01 03:51:34,20155101035134-156,2,entrance0
2015-07-01 03:53:15,20155101035134-156,2,general-gate1
2015-07-01 03:56:14,20155101035134-156,2,ranger-stop2
2015-07-01 03:59:42,20155101035134-156,2,ranger-stop0
2015-07-01 04:03:11,20153901033919-894,3,entrance3
2015-07-01 04:03:20,20155101035134-156,2,general-gate2
2015-07-01 04:16:28,20155101035134-156,2,general-gate5
2015-07-01 04:25:54,20152501042554-868,1,entrance4
2015-07-01 04:27:53,20155101035134-156,2,entrance4
2015-07-01 04:31:47,20153101043147-580,2,entrance4
2015-07-01 04:43:47,20154301044347-104,5,entrance0
2015-07-01 04:45:22,20152501042554-868,1,entrance2
2015-07-01 04:45:24,20154301044347-104,5,general-gate1
2015-07-01 04:48:16,20154301044347-104,5,ranger-stop2
2015-07-01 04:49:57,20153101043147-580,2,entrance2
2015-07-01 04:51:35,20154301044347-104,5,ranger-stop0
2015-07-01 04:55:05,20154301044347-104,5,general-gate2
2015-07-01 05:07:38,20154301044347-104,5,general-gate5
2015-07-01 05:18:34,20154301044347-104,5,entrance4
2015-07-01 05:19:52,20151901051952-926,2,entrance4
2015-07-01 05:25:45,20152501052545-509,1,entrance2
2015-07-01 05:29:29,20151901051952-926,2,general-gate5
2015-07-01 05:34:27,20153401053427-998,2,entrance3
2015-07-01 05:40:37,20151901051952-926,2,general-gate2
2015-07-01 05:43:43,20151901051952-926,2,ranger-stop0
2015-07-01 05:46:39,20151901051952-926,2,ranger-stop2
2015-07-01 05:47:36,20153401053427-998,2,general-gate7
2015-07-01 05:49:02,20152501052545-509,1,general-gate2
2015-07-01 05:49:10,20151901051952-926,2,general-gate1
2015-07-01 05:49:22,20154901054922-66,3,entrance4
2015-07-01 05:52:47,20152501052545-509,1,ranger-stop0
2015-07-01 05:53:47,20155301055347-195,6,entrance3
2015-07-01 05:56:20,20152501052545-509,1,ranger-stop2
2015-07-01 05:58:22,20154901054922-66,3,general-gate5
2015-07-01 05:59:23,20152501052545-509,1,general-gate1
2015-07-01 05:59:57,20151901051952-926,2,general-gate4
2015-07-01 06:03:49,20153401053427-998,2,camping0
2015-07-01 06:06:45,20151901051952-926,2,general-gate7
2015-07-01 06:09:31,20150901060931-375,3,entrance4
2015-07-01 06:10:08,20154901054922-66,3,camping8
2015-07-01 06:10:11,20154901054922-66,3,camping8
2015-07-01 06:12:25,20152501052545-509,1,general-gate4
2015-07-01 06:12:35,20155301055347-195,6,general-gate1
2015-07-01 06:14:58,20155301055347-195,6,ranger-stop2
2015-07-01 06:17:45,20155301055347-195,6,ranger-stop0
2015-07-01 06:18:42,20150901060931-375,3,general-gate5
2015-07-01 06:20:39,20152501052545-509,1,general-gate7
2015-07-01 06:20:40,20155301055347-195,6,general-gate2
2015-07-01 06:24:22,20151901051952-926,2,camping0
2015-07-01 06:28:02,20154901054922-66,3,general-gate2
2015-07-01 06:29:17,20150901060931-375,3,general-gate2
2015-07-01 06:30:56,20154901054922-66,3,ranger-stop0
2015-07-01 06:32:13,20150901060931-375,3,ranger-stop0
2015-07-01 06:33:41,20154901054922-66,3,ranger-stop2
2015-07-01 06:35:00,20150901060931-375,3,ranger-stop2
2015-07-01 06:35:51,20152501052545-509,1,entrance1
2015-07-01 06:36:02,20154901054922-66,3,general-gate1
2015-07-01 06:36:43,20153601063643-881,3,entrance0
2015-07-01 06:37:24,20150901060931-375,3,general-gate1
2015-07-01 06:38:04,20153601063643-881,3,general-gate1
2015-07-01 06:38:44,20151929101959-58,3,camping8
2015-07-01 06:38:56,20155301055347-195,6,entrance2
2015-07-01 06:40:25,20153601063643-881,3,ranger-stop2
2015-07-01 06:43:09,20153601063643-881,3,ranger-stop0
2015-07-01 06:46:00,20153601063643-881,3,general-gate2
2015-07-01 06:47:38,20150901060931-375,3,general-gate4
2015-07-01 06:53:23,20151929101959-58,3,general-gate5
2015-07-01 06:53:48,20151927041904-297,3,camping0
2015-07-01 06:54:06,20150901060931-375,3,general-gate7
2015-07-01 06:54:35,20154901054922-66,3,entrance3
2015-07-01 07:00:02,20151901051952-926,2,camping0
2015-07-01 07:03:03,20150901060931-375,3,camping4
2015-07-01 07:03:53,20153601063643-881,3,entrance2
2015-07-01 07:04:41,20151929101959-58,3,entrance4
2015-07-01 07:06:00,20152730062723-66,2,camping0
2015-07-01 07:06:55,20150601070655-151,1,entrance4
2015-07-01 07:14:07,20151927041904-297,3,general-gate7
2015-07-01 07:16:44,20150601070655-151,1,general-gate5
2015-07-01 07:17:36,20151901051952-926,2,general-gate7
2015-07-01 07:17:41,20151701071741-626,3,entrance1
2015-07-01 07:20:36,20152001072036-614,1,entrance2
2015-07-01 07:23:50,20154430014454-721,1,camping7
2015-07-01 07:23:52,20151701071741-626,3,camping2
2015-07-01 07:23:58,20152730062723-66,2,general-gate7
2015-07-01 07:24:24,20151901051952-926,2,general-gate4
2015-07-01 07:26:46,20152601072646-339,3,entrance0
2015-07-01 07:26:52,20155124045148-189,1,camping2
2015-07-01 07:28:01,20152801072801-74,1,entrance2
2015-07-01 07:28:03,20150601070655-151,1,general-gate2
2015-07-01 07:28:10,20152601072646-339,3,general-gate1
2015-07-01 07:30:08,20153001073008-682,3,entrance2
2015-07-01 07:30:40,20152601072646-339,3,ranger-stop2
2015-07-01 07:30:41,20151927041904-297,3,entrance3
2015-07-01 07:30:56,20152730062723-66,2,general-gate4
2015-07-01 07:31:12,20150601070655-151,1,ranger-stop0
2015-07-01 07:32:32,20154430014454-721,1,general-gate6
2015-07-01 07:32:34,20152001072036-614,1,general-gate6
2015-07-01 07:33:33,20152601072646-339,3,ranger-stop0
2015-07-01 07:34:10,20150601070655-151,1,ranger-stop2
2015-07-01 07:34:37,20153401073437-826,3,entrance2
2015-07-01 07:36:32,20151901051952-926,2,entrance0
2015-07-01 07:36:36,20152601072646-339,3,general-gate2
2015-07-01 07:36:45,20150601070655-151,1,general-gate1
2015-07-01 07:36:48,20154430014454-721,1,general-gate5
2015-07-01 07:38:45,20153801073845-972,1,entrance4
2015-07-01 07:40:08,20152001072036-614,1,camping7
2015-07-01 07:42:01,20152730062723-66,2,general-gate1
2015-07-01 07:42:39,20154201074239-779,2,entrance4
2015-07-01 07:43:27,20153001073008-682,3,general-gate6
2015-07-01 07:44:37,20152730062723-66,2,ranger-stop2
2015-07-01 07:45:09,20154501074509-749,1,entrance1
2015-07-01 07:47:03,20154701074703-254,1,entrance3
2015-07-01 07:47:09,20155124045148-189,1,general-gate7
2015-07-01 07:47:21,20154701074721-510,2,entrance0
2015-07-01 07:47:33,20152601072646-339,3,general-gate5
2015-07-01 07:47:37,20152730062723-66,2,ranger-stop0
2015-07-01 07:47:44,20150601070655-151,1,general-gate4
2015-07-01 07:48:40,20154430014454-721,1,general-gate2
2015-07-01 07:48:54,20152801072801-74,1,general-gate2
2015-07-01 07:49:04,20153801073845-972,1,general-gate5
2015-07-01 07:50:48,20152730062723-66,2,general-gate2
2015-07-01 07:51:30,20152601072646-339,3,general-gate6
2015-07-01 07:51:36,20155101075136-111,1,entrance4
2015-07-01 07:51:49,20154201074239-779,2,general-gate5
2015-07-01 07:51:54,20153001073008-682,3,camping7
2015-07-01 07:51:58,20154430014454-721,1,ranger-stop0
2015-07-01 07:52:15,20152801072801-74,1,ranger-stop0
2015-07-01 07:52:31,20153401073437-826,3,general-gate2
2015-07-01 07:54:39,20150601070655-151,1,general-gate7
2015-07-01 07:54:57,20155829095814-906,3,camping7
2015-07-01 07:55:05,20154430014454-721,1,ranger-stop2
2015-07-01 07:55:10,20155124045148-189,1,general-gate4
2015-07-01 07:55:24,20153401073437-826,3,ranger-stop0
2015-07-01 07:55:26,20152801072801-74,1,ranger-stop2
2015-07-01 07:57:48,20154430014454-721,1,general-gate1
2015-07-01 07:58:09,20153401073437-826,3,ranger-stop2
2015-07-01 07:58:10,20152801072801-74,1,general-gate1
2015-07-01 07:58:14,20154501074509-749,1,general-gate7
2015-07-01 07:59:36,20152601072646-339,3,camping7
2015-07-01 07:59:38,20155901075938-57,2,entrance1
2015-07-01 08:00:29,20153401073437-826,3,general-gate1
2015-07-01 08:00:31,20154701074721-510,2,general-gate4
2015-07-01 08:00:44,20150001080044-124,1,entrance0
2015-07-01 08:01:00,20153801073845-972,1,general-gate2
2015-07-01 08:01:37,20155101075136-111,1,general-gate5
2015-07-01 08:02:23,20154201074239-779,2,general-gate2
2015-07-01 08:02:43,20155829095814-906,3,general-gate6
2015-07-01 08:04:19,20153801073845-972,1,ranger-stop0
2015-07-01 08:04:30,20150601070655-151,1,camping5
2015-07-01 08:05:18,20154201074239-779,2,ranger-stop0
2015-07-01 08:05:21,20154501074509-749,1,general-gate4
2015-07-01 08:06:32,20155829095814-906,3,general-gate5
2015-07-01 08:06:37,20150601080637-769,1,entrance0
2015-07-01 08:07:28,20153801073845-972,1,ranger-stop2
2015-07-01 08:07:53,20150701080753-524,5,entrance1
2015-07-01 08:07:55,20154701074721-510,2,general-gate7
2015-07-01 08:07:55,20155124045148-189,1,general-gate1
2015-07-01 08:08:05,20154201074239-779,2,ranger-stop2
2015-07-01 08:09:27,20154701074703-254,1,general-gate1
2015-07-01 08:09:52,20152801072801-74,1,general-gate4
2015-07-01 08:10:11,20153801073845-972,1,general-gate1
2015-07-01 08:10:29,20154201074239-779,2,general-gate1
2015-07-01 08:10:31,20153401073437-826,3,general-gate4
2015-07-01 08:10:33,20152730062723-66,2,entrance2
2015-07-01 08:10:53,20155124045148-189,1,ranger-stop2
2015-07-01 08:11:29,20151101081129-848,1,entrance4
2015-07-01 08:11:49,20151101081149-687,1,entrance1
2015-07-01 08:12:18,20154701074703-254,1,ranger-stop2
2015-07-01 08:13:12,20155101075136-111,1,general-gate2
2015-07-01 08:14:22,20155124045148-189,1,ranger-stop0
2015-07-01 08:14:34,20155901075938-57,2,general-gate7
2015-07-01 08:14:45,20150001080044-124,1,general-gate4
2015-07-01 08:15:37,20154701074703-254,1,ranger-stop0
2015-07-01 08:16:27,20155101075136-111,1,ranger-stop0
2015-07-01 08:16:39,20154501074509-749,1,general-gate1
2015-07-01 08:16:51,20153401073437-826,3,general-gate7
2015-07-01 08:17:09,20155829095814-906,3,general-gate2
2015-07-01 08:17:14,20152801072801-74,1,general-gate7
2015-07-01 08:18:01,20155124045148-189,1,general-gate2
2015-07-01 08:18:13,20154701074721-510,2,camping4
2015-07-01 08:18:58,20154430014454-721,1,entrance3
2015-07-01 08:19:07,20154701074703-254,1,general-gate2
2015-07-01 08:19:18,20154501074509-749,1,ranger-stop2
2015-07-01 08:19:30,20155101075136-111,1,ranger-stop2
2015-07-01 08:20:04,20150601080637-769,1,general-gate4
2015-07-01 08:20:05,20155829095814-906,3,ranger-stop0
2015-07-01 08:20:15,20150701080753-524,5,general-gate7
2015-07-01 08:20:42,20154201074239-779,2,general-gate4
2015-07-01 08:21:03,20151101081129-848,1,general-gate5
2015-07-01 08:21:44,20151101081149-687,1,camping3
2015-07-01 08:21:46,20153801073845-972,1,general-gate4
2015-07-01 08:21:49,20151101081149-687,1,camping3
2015-07-01 08:22:08,20155101075136-111,1,general-gate1
2015-07-01 08:22:22,20154501074509-749,1,ranger-stop0
2015-07-01 08:22:37,20150001080044-124,1,general-gate7
2015-07-01 08:22:42,20155901075938-57,2,general-gate4
2015-07-01 08:22:53,20155829095814-906,3,ranger-stop2
2015-07-01 08:24:24,20152401082424-321,1,entrance0
2015-07-01 08:25:17,20155829095814-906,3,general-gate1
2015-07-01 08:25:37,20154501074509-749,1,general-gate2
2015-07-01 08:25:44,20152401082424-321,1,general-gate1
2015-07-01 08:25:52,20153401073437-826,3,camping5
2015-07-01 08:26:43,20155829095814-906,3,entrance0
2015-07-01 08:26:58,20150701080753-524,5,general-gate4
2015-07-01 08:27:10,20154201074239-779,2,general-gate7
2015-07-01 08:27:28,20152801072801-74,1,camping4
2015-07-01 08:27:38,20150601080637-769,1,general-gate7
2015-07-01 08:28:05,20152401082424-321,1,ranger-stop2
2015-07-01 08:29:02,20153801073845-972,1,general-gate7
2015-07-01 08:29:21,20154501074509-749,1,general-gate0
2015-07-01 08:30:50,20152401082424-321,1,ranger-stop0
2015-07-01 08:31:12,20155124045148-189,1,general-gate5
2015-07-01 08:31:41,20154701074703-254,1,general-gate5
2015-07-01 08:31:44,20151101081149-687,1,entrance1
2015-07-01 08:31:56,20153101083156-266,2,entrance1
2015-07-01 08:32:05,20151101081129-848,1,general-gate2
2015-07-01 08:33:24,20155101075136-111,1,general-gate4
2015-07-01 08:33:43,20152401082424-321,1,general-gate2
2015-07-01 08:33:51,20150001080044-124,1,camping5
2015-07-01 08:35:09,20151101081129-848,1,ranger-stop0
2015-07-01 08:35:33,20155901075938-57,2,general-gate1
2015-07-01 08:36:20,20154201074239-779,2,camping5
2015-07-01 08:36:32,20153601083632-281,3,entrance1
2015-07-01 08:36:42,20154501074509-749,1,camping1
2015-07-01 08:36:50,20154501074509-749,1,camping1
2015-07-01 08:37:37,20150701080753-524,5,general-gate1
2015-07-01 08:38:03,20151101081129-848,1,ranger-stop2
2015-07-01 08:38:34,20155901075938-57,2,ranger-stop2
2015-07-01 08:40:07,20150701080753-524,5,ranger-stop2
2015-07-01 08:40:29,20155101075136-111,1,general-gate7
2015-07-01 08:40:34,20151101081129-848,1,general-gate1
2015-07-01 08:41:45,20153601083632-281,3,camping2
2015-07-01 08:42:04,20155901075938-57,2,ranger-stop0
2015-07-01 08:42:14,20154201084214-252,1,entrance0
2015-07-01 08:42:19,20150601080637-769,1,camping3
2015-07-01 08:42:22,20150601080637-769,1,camping3
2015-07-01 08:42:38,20155124045148-189,1,entrance4
2015-07-01 08:42:56,20154701074703-254,1,camping6
2015-07-01 08:42:59,20154701074703-254,1,camping6
2015-07-01 08:43:01,20150701080753-524,5,ranger-stop0
2015-07-01 08:44:07,20154501074509-749,1,general-gate0
2015-07-01 08:45:30,20154501084530-202,2,entrance1
2015-07-01 08:45:46,20155901075938-57,2,general-gate2
2015-07-01 08:46:05,20150701080753-524,5,general-gate2
2015-07-01 08:46:13,20153101083156-266,2,camping0
2015-07-01 08:47:32,20153801073845-972,1,camping2
2015-07-01 08:47:51,20154501074509-749,1,general-gate2
2015-07-01 08:47:56,20153530093500-378,1,camping2
2015-07-01 08:48:00,20154801084800-755,1,entrance0
2015-07-01 08:49:19,20154801084800-755,1,general-gate1
2015-07-01 08:50:35,20155101075136-111,1,camping5
2015-07-01 08:51:08,20154501074509-749,1,ranger-stop0
2015-07-01 08:51:15,20151101081129-848,1,general-gate4
2015-07-01 08:51:37,20152401082424-321,1,camping8
2015-07-01 08:51:39,20154801084800-755,1,ranger-stop2
2015-07-01 08:51:51,20153730013733-766,3,camping0
2015-07-01 08:53:53,20154201084214-252,1,general-gate4
2015-07-01 08:54:12,20154501074509-749,1,ranger-stop2
2015-07-01 08:54:22,20154801084800-755,1,ranger-stop0
2015-07-01 08:56:50,20154501074509-749,1,general-gate1
2015-07-01 08:56:57,20150601080637-769,1,general-gate7
2015-07-01 08:57:13,20154801084800-755,1,general-gate2
2015-07-01 08:57:48,20154501084530-202,2,general-gate7
2015-07-01 08:58:00,20151101081129-848,1,general-gate7
2015-07-01 08:58:47,20155801085847-425,1,entrance1
2015-07-01 09:00:25,20154201084214-252,1,general-gate7
2015-07-01 09:04:17,20154701074703-254,1,entrance2
2015-07-01 09:04:28,20154501084530-202,2,general-gate4
2015-07-01 09:04:32,20150601080637-769,1,general-gate4
2015-07-01 09:05:01,20153530093500-378,1,general-gate7
2015-07-01 09:05:08,20150701080753-524,5,entrance2
2015-07-01 09:06:54,20155801085847-425,1,camping4
2015-07-01 09:08:40,20155901075938-57,2,camping8
2015-07-01 09:09:45,20154201084214-252,1,camping5
2015-07-01 09:10:34,20151001091034-497,1,entrance0
2015-07-01 09:11:29,20153730013733-766,3,general-gate7
2015-07-01 09:11:47,20153530093500-378,1,general-gate4
2015-07-01 09:11:56,20151001091034-497,1,general-gate1
2015-07-01 09:14:23,20151001091034-497,1,ranger-stop2
2015-07-01 09:14:55,20154801084800-755,1,camping8
2015-07-01 09:15:04,20154501084530-202,2,general-gate1
2015-07-01 09:15:30,20151101081129-848,1,camping0
2015-07-01 09:16:33,20150601080637-769,1,general-gate1
2015-07-01 09:17:12,20151001091034-497,1,ranger-stop0
2015-07-01 09:17:28,20151701091728-197,1,entrance0
2015-07-01 09:17:30,20151701091730-48,3,entrance1
2015-07-01 09:17:33,20154501084530-202,2,ranger-stop2
2015-07-01 09:17:38,20154501074509-749,1,entrance3
2015-07-01 09:19:05,20151701091728-197,1,general-gate1
2015-07-01 09:19:05,20153730013733-766,3,general-gate4
2015-07-01 09:19:21,20150601080637-769,1,ranger-stop2
2015-07-01 09:20:11,20151001091034-497,1,general-gate2
2015-07-01 09:20:25,20154501084530-202,2,ranger-stop0
2015-07-01 09:21:54,20151701091728-197,1,ranger-stop2
2015-07-01 09:22:32,20153530093500-378,1,general-gate1
2015-07-01 09:22:37,20150601080637-769,1,ranger-stop0
2015-07-01 09:23:28,20154501084530-202,2,general-gate2
2015-07-01 09:23:37,20151001091034-497,1,general-gate0
2015-07-01 09:24:05,20152401092405-316,3,entrance3
2015-07-01 09:25:04,20153530093500-378,1,ranger-stop2
2015-07-01 09:25:10,20151701091728-197,1,ranger-stop0
2015-07-01 09:26:03,20150601080637-769,1,general-gate2
2015-07-01 09:27:59,20153530093500-378,1,ranger-stop0
2015-07-01 09:28:37,20151701091728-197,1,general-gate2
2015-07-01 09:30:22,20151001091034-497,1,camping1
2015-07-01 09:31:05,20153530093500-378,1,general-gate2
2015-07-01 09:31:11,20153730013733-766,3,general-gate1
2015-07-01 09:31:40,20151701091730-48,3,general-gate7
2015-07-01 09:34:00,20153730013733-766,3,ranger-stop2
2015-07-01 09:37:17,20153730013733-766,3,ranger-stop0
2015-07-01 09:40:45,20153730013733-766,3,general-gate2
2015-07-01 09:40:55,20154001094055-572,2,entrance0
2015-07-01 09:41:00,20151701091728-197,1,general-gate5
2015-07-01 09:42:17,20154501084530-202,2,camping8
2015-07-01 09:42:20,20154001094055-572,2,general-gate1
2015-07-01 09:42:21,20154201094221-490,3,entrance0
2015-07-01 09:42:37,20151701091730-48,3,camping5
2015-07-01 09:43:23,20152401092405-316,3,general-gate1
2015-07-01 09:43:54,20154201094221-490,3,general-gate1
2015-07-01 09:44:52,20154001094055-572,2,ranger-stop2
2015-07-01 09:45:51,20152401092405-316,3,ranger-stop2
2015-07-01 09:46:37,20154201094221-490,3,ranger-stop2
2015-07-01 09:47:30,20150601080637-769,1,entrance2
2015-07-01 09:47:46,20154001094055-572,2,ranger-stop0
2015-07-01 09:48:23,20153224073256-73,1,camping5
2015-07-01 09:48:43,20152401092405-316,3,ranger-stop0
2015-07-01 09:49:46,20154201094221-490,3,ranger-stop0
2015-07-01 09:50:17,20153530093500-378,1,entrance2
2015-07-01 09:50:50,20154001094055-572,2,general-gate2
2015-07-01 09:51:44,20152401092405-316,3,general-gate2
2015-07-01 09:51:47,20151701091728-197,1,entrance4
2015-07-01 09:53:05,20154201094221-490,3,general-gate2
2015-07-01 09:53:12,20153730013733-766,3,general-gate5
2015-07-01 09:59:03,20153224073256-73,1,general-gate7
2015-07-01 10:00:02,20152601072646-339,3,camping7
2015-07-01 10:02:36,20152401092405-316,3,general-gate5
2015-07-01 10:03:34,20151726071747-488,1,camping0
2015-07-01 10:04:01,20153730013733-766,3,entrance4
2015-07-01 10:05:00,20154201094221-490,3,general-gate5
2015-07-01 10:06:31,20152401092405-316,3,general-gate6
2015-07-01 10:06:31,20153224073256-73,1,general-gate4
2015-07-01 10:08:03,20152601072646-339,3,general-gate6
2015-07-01 10:08:13,20150801100813-808,1,entrance2
2015-07-01 10:09:18,20154201094221-490,3,general-gate6
2015-07-01 10:09:50,20154001094055-572,2,camping8
2015-07-01 10:09:58,20154001094055-572,2,camping8
2015-07-01 10:11:10,20152726032754-124,1,camping5
2015-07-01 10:12:57,20151201101257-374,4,entrance3
2015-07-01 10:13:57,20151329011319-87,1,camping5
2015-07-01 10:14:10,20152601072646-339,3,entrance4
2015-07-01 10:14:32,20152401092405-316,3,camping7
2015-07-01 10:16:14,20151601101614-646,4,entrance1
2015-07-01 10:18:07,20154201094221-490,3,camping7
2015-07-01 10:18:29,20153224073256-73,1,general-gate1
2015-07-01 10:20:04,20152001102004-765,1,entrance4
2015-07-01 10:20:43,20152730062720-372,1,camping0
2015-07-01 10:21:16,20153224073256-73,1,ranger-stop2
2015-07-01 10:22:22,20152726032754-124,1,general-gate7
2015-07-01 10:22:41,20152201102241-597,3,entrance2
2015-07-01 10:23:32,20151329011319-87,1,general-gate7
2015-07-01 10:24:30,20151726071747-488,1,general-gate7
2015-07-01 10:24:32,20153224073256-73,1,ranger-stop0
2015-07-01 10:25:54,20152001102004-765,1,general-gate6
2015-07-01 10:27:57,20153224073256-73,1,general-gate2
2015-07-01 10:28:55,20154001094055-572,2,general-gate2
2015-07-01 10:29:09,20151201101257-374,4,general-gate7
2015-07-01 10:30:04,20151601101614-646,4,general-gate7
2015-07-01 10:30:15,20151329011319-87,1,general-gate4
2015-07-01 10:30:29,20150801100813-808,1,general-gate2
2015-07-01 10:31:59,20154001094055-572,2,ranger-stop0
2015-07-01 10:32:46,20152819022855-141,1,camping7
2015-07-01 10:33:41,20152001102004-765,1,camping7
2015-07-01 10:34:04,20150801100813-808,1,ranger-stop0
2015-07-01 10:34:53,20154001094055-572,2,ranger-stop2
2015-07-01 10:35:30,20152201102241-597,3,general-gate6
2015-07-01 10:37:24,20154001094055-572,2,general-gate1
2015-07-01 10:37:27,20150801100813-808,1,ranger-stop2
2015-07-01 10:37:34,20151601101614-646,4,general-gate4
2015-07-01 10:38:36,20152730062720-372,1,entrance1
2015-07-01 10:38:36,20153801103836-428,3,entrance1
2015-07-01 10:39:00,20152726032754-124,1,entrance3
2015-07-01 10:40:23,20150801100813-808,1,general-gate1
2015-07-01 10:40:57,20151329011319-87,1,general-gate1
2015-07-01 10:41:21,20154101104121-957,6,entrance3
2015-07-01 10:41:30,20152819022855-141,1,general-gate6
2015-07-01 10:41:38,20151726071747-488,1,entrance3
2015-07-01 10:42:19,20154201104219-192,4,entrance1
2015-07-01 10:42:50,20154201104250-936,2,entrance0
2015-07-01 10:43:26,20151201101257-374,4,entrance1
2015-07-01 10:43:28,20151329011319-87,1,ranger-stop2
2015-07-01 10:43:40,20152201102241-597,3,camping7
2015-07-01 10:44:51,20150730070718-674,2,camping3
2015-07-01 10:46:22,20151329011319-87,1,ranger-stop0
2015-07-01 10:49:18,20153224073256-73,1,entrance2
2015-07-01 10:49:27,20151329011319-87,1,general-gate2
2015-07-01 10:49:30,20151601101614-646,4,general-gate1
2015-07-01 10:50:24,20153801103836-428,3,general-gate7
2015-07-01 10:50:54,20155001105054-534,1,entrance4
2015-07-01 10:52:17,20151601101614-646,4,ranger-stop2
2015-07-01 10:52:51,20150801100813-808,1,general-gate4
2015-07-01 10:53:59,20154201104219-192,4,general-gate7
2015-07-01 10:55:13,20155501105513-756,2,entrance2
2015-07-01 10:55:27,20152819022855-141,1,entrance2
2015-07-01 10:55:32,20151601101614-646,4,ranger-stop0
2015-07-01 10:56:05,20154201104250-936,2,general-gate4
2015-07-01 10:56:48,20153801103836-428,3,general-gate4
2015-07-01 10:57:06,20154001094055-572,2,entrance3
2015-07-01 10:57:14,20150730070718-674,2,general-gate7
2015-07-01 10:58:57,20151601101614-646,4,general-gate2
2015-07-01 11:00:02,20152001102004-765,1,camping7
2015-07-01 11:00:11,20155001105054-534,1,general-gate5
2015-07-01 11:00:13,20154101104121-957,6,general-gate1
2015-07-01 11:00:19,20154201104219-192,4,general-gate4
2015-07-01 11:00:43,20150801100813-808,1,general-gate7
2015-07-01 11:01:37,20150101110137-214,1,entrance1
2015-07-01 11:02:38,20154101104121-957,6,ranger-stop2
2015-07-01 11:03:32,20154201104250-936,2,general-gate7
2015-07-01 11:03:40,20150730070718-674,2,general-gate4
2015-07-01 11:04:22,20153029033050-443,3,camping3
2015-07-01 11:05:25,20154101104121-957,6,ranger-stop0
2015-07-01 11:06:59,20153801103836-428,3,general-gate1
2015-07-01 11:07:22,20151429091426-986,2,camping5
2015-07-01 11:07:44,20152001102004-765,1,general-gate6
2015-07-01 11:08:22,20154101104121-957,6,general-gate2
2015-07-01 11:08:37,20151329011319-87,1,entrance2
2015-07-01 11:09:22,20153801103836-428,3,ranger-stop2
2015-07-01 11:10:54,20155001105054-534,1,general-gate2
2015-07-01 11:11:14,20151601101614-646,4,general-gate5
2015-07-01 11:11:32,20152001102004-765,1,general-gate5
2015-07-01 11:11:38,20154201104219-192,4,entrance0
2015-07-01 11:11:56,20150801100813-808,1,camping5
2015-07-01 11:12:07,20153801103836-428,3,ranger-stop0
2015-07-01 11:12:11,20150101110137-214,1,camping3
2015-07-01 11:12:16,20150101110137-214,1,camping3
2015-07-01 11:13:08,20151301111308-417,1,entrance2
2015-07-01 11:13:52,20155001105054-534,1,ranger-stop0
2015-07-01 11:15:02,20153801103836-428,3,general-gate2
2015-07-01 11:15:09,20150730070718-674,2,entrance0
2015-07-01 11:16:42,20155001105054-534,1,ranger-stop2
2015-07-01 11:16:45,20153029033050-443,3,general-gate7
2015-07-01 11:17:51,20151429091426-986,2,general-gate7
2015-07-01 11:18:33,20155501105513-756,2,general-gate2
2015-07-01 11:18:52,20151801111852-365,1,entrance4
2015-07-01 11:19:00,20154101104121-957,6,general-gate5
2015-07-01 11:19:07,20155001105054-534,1,general-gate1
2015-07-01 11:21:01,20151801111852-365,1,camping6
2015-07-01 11:21:56,20151601101614-646,4,entrance4
2015-07-01 11:22:02,20152001102004-765,1,general-gate2
2015-07-01 11:22:17,20155501105513-756,2,ranger-stop0
2015-07-01 11:22:31,20154201104250-936,2,camping2
2015-07-01 11:23:09,20153029033050-443,3,general-gate4
2015-07-01 11:24:58,20152001102004-765,1,ranger-stop0
2015-07-01 11:25:12,20151429091426-986,2,general-gate4
2015-07-01 11:25:16,20150101110137-214,1,general-gate7
2015-07-01 11:25:19,20152501112519-331,1,entrance2
2015-07-01 11:25:32,20153801103836-428,3,general-gate5
2015-07-01 11:25:51,20155501105513-756,2,ranger-stop2
2015-07-01 11:26:11,20152601112611-300,2,entrance2
2015-07-01 11:27:44,20152001102004-765,1,ranger-stop2
2015-07-01 11:27:59,20152701112759-138,1,entrance0
2015-07-01 11:28:16,20154101104121-957,6,entrance4
2015-07-01 11:28:54,20155501105513-756,2,general-gate1
2015-07-01 11:29:30,20155001105054-534,1,general-gate4
2015-07-01 11:29:41,20152701112759-138,1,general-gate1
2015-07-01 11:30:07,20152001102004-765,1,general-gate1
2015-07-01 11:32:00,20150101110137-214,1,general-gate4
2015-07-01 11:32:39,20152701112759-138,1,ranger-stop2
2015-07-01 11:32:42,20151301111308-417,1,general-gate2
2015-07-01 11:34:39,20153029033050-443,3,entrance0
2015-07-01 11:34:40,20153801103836-428,3,entrance4
2015-07-01 11:35:51,20151301111308-417,1,ranger-stop0
2015-07-01 11:36:02,20155001105054-534,1,general-gate7
2015-07-01 11:36:06,20152701112759-138,1,ranger-stop0
2015-07-01 11:37:04,20153701113704-354,1,entrance3
2015-07-01 11:38:10,20153801113810-64,1,entrance4
2015-07-01 11:38:25,20151429091426-986,2,entrance0
2015-07-01 11:38:36,20150524110507-879,2,camping3
2015-07-01 11:38:49,20151301111308-417,1,ranger-stop2
2015-07-01 11:39:44,20152701112759-138,1,general-gate2
2015-07-01 11:41:24,20151301111308-417,1,general-gate1
2015-07-01 11:41:58,20155501105513-756,2,general-gate4
2015-07-01 11:42:42,20150101110137-214,1,general-gate1
2015-07-01 11:42:54,20154201114254-498,2,entrance0
2015-07-01 11:44:35,20154201114254-498,2,general-gate1
2015-07-01 11:44:47,20152501112519-331,1,general-gate2
2015-07-01 11:45:07,20155001105054-534,1,camping4
2015-07-01 11:45:13,20150101110137-214,1,ranger-stop2
2015-07-01 11:47:05,20153801113810-64,1,general-gate5
2015-07-01 11:47:31,20154201114254-498,2,ranger-stop2
2015-07-01 11:47:55,20152501112519-331,1,ranger-stop0
2015-07-01 11:48:07,20150101110137-214,1,ranger-stop0
2015-07-01 11:48:53,20152001102004-765,1,entrance3
2015-07-01 11:49:10,20152601112611-300,2,general-gate2
2015-07-01 11:50:12,20155501105513-756,2,general-gate7
2015-07-01 11:50:48,20150524110507-879,2,general-gate7
2015-07-01 11:50:53,20152501112519-331,1,ranger-stop2
2015-07-01 11:50:55,20154201114254-498,2,ranger-stop0
2015-07-01 11:51:12,20150101110137-214,1,general-gate2
2015-07-01 11:52:22,20151301111308-417,1,general-gate4
2015-07-01 11:52:50,20152701112759-138,1,general-gate5
2015-07-01 11:52:53,20152601112611-300,2,ranger-stop0
2015-07-01 11:53:27,20152501112519-331,1,general-gate1
2015-07-01 11:53:41,20153701113704-354,1,general-gate7
2015-07-01 11:54:30,20154201114254-498,2,general-gate2
2015-07-01 11:55:49,20155501115549-423,2,entrance2
2015-07-01 11:55:51,20155501115551-657,1,entrance1
2015-07-01 11:56:23,20152601112611-300,2,ranger-stop2
2015-07-01 11:57:08,20150524110507-879,2,general-gate4
2015-07-01 11:57:33,20152701112759-138,1,general-gate6
2015-07-01 11:58:33,20155801115833-996,2,entrance4
2015-07-01 11:58:42,20153801113810-64,1,camping8
2015-07-01 11:58:51,20153801113810-64,1,camping8
2015-07-01 11:59:16,20151301111308-417,1,general-gate7
2015-07-01 11:59:24,20152601112611-300,2,general-gate1
2015-07-01 12:00:02,20153401053427-998,2,camping0
2015-07-01 12:01:04,20155801115833-996,2,camping6
2015-07-01 12:01:13,20155801115833-996,2,camping6
2015-07-01 12:01:37,20155501105513-756,2,camping4
2015-07-01 12:04:21,20152501112519-331,1,general-gate4
2015-07-01 12:04:41,20153701113704-354,1,camping4
2015-07-01 12:05:03,20150501120503-93,2,entrance1
2015-07-01 12:07:11,20150524110507-879,2,general-gate1
2015-07-01 12:07:13,20152701112759-138,1,camping7
2015-07-01 12:07:28,20155501115551-657,1,general-gate7
2015-07-01 12:08:59,20150801120859-136,2,entrance4
2015-07-01 12:09:32,20150524110507-879,2,ranger-stop2
2015-07-01 12:10:21,20150101110137-214,1,entrance2
2015-07-01 12:11:14,20150801120859-136,2,camping6
2015-07-01 12:11:15,20152501112519-331,1,general-gate7
2015-07-01 12:11:44,20151101121144-520,2,entrance4
2015-07-01 12:12:05,20155801115833-996,2,general-gate5
2015-07-01 12:12:17,20150524110507-879,2,ranger-stop0
2015-07-01 12:12:17,20152601112611-300,2,general-gate4
2015-07-01 12:13:45,20155501115551-657,1,general-gate4
2015-07-01 12:15:09,20150524110507-879,2,general-gate2
2015-07-01 12:16:11,20153401053427-998,2,general-gate7
2015-07-01 12:16:27,20153801113810-64,1,general-gate2
2015-07-01 12:16:43,20154201114254-498,2,camping8
2015-07-01 12:16:48,20151301111308-417,1,camping2
2015-07-01 12:17:20,20155501115549-423,2,general-gate2
2015-07-01 12:18:00,20154424084414-48,1,camping4
2015-07-01 12:18:51,20150501120503-93,2,general-gate7
2015-07-01 12:19:19,20153801113810-64,1,ranger-stop0
2015-07-01 12:20:24,20152601112611-300,2,general-gate7
2015-07-01 12:20:49,20155501115549-423,2,ranger-stop0
2015-07-01 12:21:30,20151101121144-520,2,general-gate5
2015-07-01 12:22:02,20153801113810-64,1,ranger-stop2
2015-07-01 12:22:09,20152201122209-900,1,entrance1
2015-07-01 12:23:42,20155501115551-657,1,general-gate1
2015-07-01 12:24:06,20155501115549-423,2,ranger-stop2
2015-07-01 12:24:21,20155801115833-996,2,general-gate2
2015-07-01 12:24:23,20153801113810-64,1,general-gate1
2015-07-01 12:24:36,20152501112519-331,1,camping3
2015-07-01 12:24:42,20152501112519-331,1,camping3
2015-07-01 12:25:46,20153801113810-64,1,entrance0
2015-07-01 12:26:02,20155501115551-657,1,ranger-stop2
2015-07-01 12:26:21,20150501120503-93,2,general-gate4
2015-07-01 12:26:23,20152601122623-54,1,entrance3
2015-07-01 12:26:46,20154424084414-48,1,general-gate7
2015-07-01 12:26:56,20155501115549-423,2,general-gate1
2015-07-01 12:27:47,20155801115833-996,2,ranger-stop0
2015-07-01 12:28:45,20155501115551-657,1,ranger-stop0
2015-07-01 12:29:23,20153401053427-998,2,entrance3
2015-07-01 12:30:33,20153001123033-350,1,entrance4
2015-07-01 12:31:01,20155801115833-996,2,ranger-stop2
2015-07-01 12:31:37,20155501115551-657,1,general-gate2
2015-07-01 12:31:40,20152601112611-300,2,camping4
2015-07-01 12:32:48,20151101121144-520,2,general-gate2
2015-07-01 12:33:08,20150524110507-879,2,entrance2
2015-07-01 12:33:41,20153301123341-61,2,entrance2
2015-07-01 12:33:48,20155801115833-996,2,general-gate1
2015-07-01 12:35:57,20151101121144-520,2,ranger-stop0
2015-07-01 12:36:33,20153601123633-561,1,entrance0
2015-07-01 12:37:45,20151928081935-515,2,camping5
2015-07-01 12:37:59,20152501112519-331,1,general-gate7
2015-07-01 12:38:15,20150501120503-93,2,general-gate1
2015-07-01 12:38:39,20152201122209-900,1,camping0
2015-07-01 12:38:43,20152201122209-900,1,camping0
2015-07-01 12:38:47,20153801123847-62,1,entrance3
2015-07-01 12:38:55,20151101121144-520,2,ranger-stop2
2015-07-01 12:38:56,20155430055405-608,3,camping5
2015-07-01 12:39:01,20155501115549-423,2,general-gate4
2015-07-01 12:39:40,20153001123033-350,1,general-gate5
2015-07-01 12:40:07,20154001124007-163,1,entrance0
2015-07-01 12:40:11,20154424084414-48,1,entrance3
2015-07-01 12:41:01,20150501120503-93,2,ranger-stop2
2015-07-01 12:41:29,20151101121144-520,2,general-gate1
2015-07-01 12:41:54,20152601122623-54,1,general-gate7
2015-07-01 12:41:54,20155501115551-657,1,general-gate5
2015-07-01 12:44:16,20150501120503-93,2,ranger-stop0
2015-07-01 12:44:51,20152501112519-331,1,general-gate4
2015-07-01 12:45:25,20154501124525-792,2,entrance2
2015-07-01 12:46:36,20155501115549-423,2,general-gate7
2015-07-01 12:47:01,20151928081935-515,2,general-gate7
2015-07-01 12:47:41,20150501120503-93,2,general-gate2
2015-07-01 12:48:37,20153601123633-561,1,general-gate4
2015-07-01 12:48:55,20154801124855-611,3,entrance1
2015-07-01 12:49:15,20155430055405-608,3,general-gate7
2015-07-01 12:50:13,20153001123033-350,1,general-gate2
2015-07-01 12:51:06,20155501115551-657,1,camping6
2015-07-01 12:51:17,20155501115551-657,1,camping6
2015-07-01 12:52:25,20151101121144-520,2,general-gate4
2015-07-01 12:52:37,20154001124007-163,1,general-gate4
2015-07-01 12:53:08,20153001123033-350,1,ranger-stop0
2015-07-01 12:53:30,20151928081935-515,2,general-gate4
2015-07-01 12:55:24,20153601123633-561,1,general-gate7
2015-07-01 12:55:29,20155501125529-527,3,entrance2
2015-07-01 12:55:41,20155801115833-996,2,entrance3
2015-07-01 12:55:46,20152501112519-331,1,general-gate1
2015-07-01 12:55:55,20153001123033-350,1,ranger-stop2
2015-07-01 12:55:56,20153301123341-61,2,general-gate2
2015-07-01 12:56:00,20153801123847-62,1,general-gate7
2015-07-01 12:56:17,20152601122623-54,1,camping3
2015-07-01 12:56:29,20155430055405-608,3,general-gate4
2015-07-01 12:57:10,20155501115549-423,2,camping4
2015-07-01 12:57:53,20152201122209-900,1,general-gate7
2015-07-01 12:58:19,20152501112519-331,1,ranger-stop2
2015-07-01 12:58:19,20153001123033-350,1,general-gate1
2015-07-01 12:59:18,20151101121144-520,2,general-gate7
2015-07-01 12:59:31,20153301123341-61,2,ranger-stop0
2015-07-01 12:59:38,20154001124007-163,1,general-gate7
2015-07-01 12:59:46,20155901125946-822,2,entrance2
2015-07-01 12:59:56,20150501120503-93,2,general-gate5
2015-07-01 13:00:09,20150001010009-284,3,entrance3
2015-07-01 13:00:25,20155501115551-657,1,general-gate5
2015-07-01 13:01:04,20154801124855-611,3,general-gate7
2015-07-01 13:01:17,20152501112519-331,1,ranger-stop0
2015-07-01 13:01:39,20155501125529-527,3,general-gate3
2015-07-01 13:02:40,20155501125529-527,3,camping8
2015-07-01 13:02:54,20153301123341-61,2,ranger-stop2
2015-07-01 13:03:50,20151928081935-515,2,general-gate1
2015-07-01 13:04:21,20150501120503-93,2,general-gate6
2015-07-01 13:04:25,20152501112519-331,1,general-gate2
2015-07-01 13:05:07,20154501124525-792,2,general-gate2
2015-07-01 13:05:17,20152201122209-900,1,general-gate4
2015-07-01 13:05:50,20153301123341-61,2,general-gate1
2015-07-01 13:06:16,20151928081935-515,2,ranger-stop2
2015-07-01 13:07:22,20153801123847-62,1,camping4
2015-07-01 13:08:02,20155430055405-608,3,general-gate1
2015-07-01 13:08:18,20154501124525-792,2,ranger-stop0
2015-07-01 13:08:32,20153001123033-350,1,general-gate4
2015-07-01 13:08:51,20151101121144-520,2,camping4
2015-07-01 13:09:05,20151928081935-515,2,ranger-stop0
2015-07-01 13:09:46,20150901010946-94,2,entrance2
2015-07-01 13:10:26,20151001011026-433,1,entrance2
2015-07-01 13:10:28,20154801124855-611,3,camping5
2015-07-01 13:10:40,20155501115551-657,1,general-gate2
2015-07-01 13:10:45,20155430055405-608,3,ranger-stop2
2015-07-01 13:11:18,20154501124525-792,2,ranger-stop2
2015-07-01 13:12:04,20151928081935-515,2,general-gate2
2015-07-01 13:12:37,20153601123633-561,1,camping2
2015-07-01 13:13:17,20153830123858-160,1,camping4
2015-07-01 13:13:26,20150501120503-93,2,camping7
2015-07-01 13:13:32,20155501115551-657,1,ranger-stop0
2015-07-01 13:13:33,20150501120503-93,2,camping7
2015-07-01 13:13:52,20154501124525-792,2,general-gate1
2015-07-01 13:13:53,20155430055405-608,3,ranger-stop0
2015-07-01 13:14:59,20153001123033-350,1,general-gate7
2015-07-01 13:15:42,20152501112519-331,1,general-gate5
2015-07-01 13:16:15,20155501115551-657,1,ranger-stop2
2015-07-01 13:17:06,20152201122209-900,1,general-gate1
2015-07-01 13:17:12,20155430055405-608,3,general-gate2
2015-07-01 13:17:28,20154001124007-163,1,camping2
2015-07-01 13:18:16,20153301123341-61,2,general-gate4
2015-07-01 13:18:36,20155501115551-657,1,general-gate1
2015-07-01 13:19:23,20155901125946-822,2,general-gate2
2015-07-01 13:19:51,20152201122209-900,1,ranger-stop2
2015-07-01 13:20:53,20150001010009-284,3,general-gate1
2015-07-01 13:22:31,20150501120503-93,2,general-gate6
2015-07-01 13:22:33,20155901125946-822,2,ranger-stop0
2015-07-01 13:22:46,20151928081935-515,2,general-gate5
2015-07-01 13:23:04,20152201122209-900,1,ranger-stop0
2015-07-01 13:23:32,20150001010009-284,3,ranger-stop2
2015-07-01 13:23:56,20153001123033-350,1,camping4
2015-07-01 13:24:34,20153830123858-160,1,general-gate7
2015-07-01 13:24:55,20154501124525-792,2,general-gate4
2015-07-01 13:25:28,20152501112519-331,1,entrance4
2015-07-01 13:25:32,20155901125946-822,2,ranger-stop2
2015-07-01 13:26:06,20153301123341-61,2,general-gate7
2015-07-01 13:26:26,20152201122209-900,1,general-gate2
2015-07-01 13:26:36,20150001010009-284,3,ranger-stop0
2015-07-01 13:28:07,20155901125946-822,2,general-gate1
2015-07-01 13:29:07,20155430055405-608,3,general-gate5
2015-07-01 13:29:45,20151001011026-433,1,general-gate2
2015-07-01 13:29:51,20150001010009-284,3,general-gate2
2015-07-01 13:31:02,20150901010946-94,2,camping6
2015-07-01 13:31:06,20150901010946-94,2,camping6
2015-07-01 13:31:53,20154501124525-792,2,general-gate7
2015-07-01 13:32:04,20151928081935-515,2,entrance4
2015-07-01 13:32:46,20153830123858-160,1,general-gate4
2015-07-01 13:32:52,20151001011026-433,1,ranger-stop0
2015-07-01 13:35:48,20151001011026-433,1,ranger-stop2
2015-07-01 13:36:52,20150501120503-93,2,entrance2
2015-07-01 13:36:56,20155501115551-657,1,entrance3
2015-07-01 13:37:17,20153301123341-61,2,camping5
2015-07-01 13:38:21,20151001011026-433,1,general-gate1
2015-07-01 13:38:56,20152809032822-774,1,camping5
2015-07-01 13:39:07,20155901125946-822,2,general-gate4
2015-07-01 13:39:28,20155430055405-608,3,entrance4
2015-07-01 13:41:28,20150001010009-284,3,general-gate5
2015-07-01 13:41:57,20154101014157-341,1,entrance0
2015-07-01 13:42:11,20150901010946-94,2,general-gate5
2015-07-01 13:42:36,20154201014236-36,2,entrance0
2015-07-01 13:43:18,20154101014157-341,1,general-gate1
2015-07-01 13:44:06,20154201014236-36,2,general-gate1
2015-07-01 13:45:22,20154501124525-792,2,camping3
2015-07-01 13:45:41,20154101014157-341,1,ranger-stop2
2015-07-01 13:46:03,20155901125946-822,2,general-gate7
2015-07-01 13:46:47,20154201014236-36,2,ranger-stop2
2015-07-01 13:47:27,20153830123858-160,1,entrance0
2015-07-01 13:47:29,20152201122209-900,1,entrance2
2015-07-01 13:48:27,20154101014157-341,1,ranger-stop0
2015-07-01 13:48:58,20152809032822-774,1,general-gate7
2015-07-01 13:49:08,20151001011026-433,1,general-gate4
2015-07-01 13:49:52,20154201014236-36,2,ranger-stop0
2015-07-01 13:50:13,20155001015013-989,1,entrance0
2015-07-01 13:51:22,20154101014157-341,1,general-gate2
2015-07-01 13:51:51,20150001010009-284,3,camping6
2015-07-01 13:52:21,20155201015221-957,3,entrance1
2015-07-01 13:53:07,20154201014236-36,2,general-gate2
2015-07-01 13:54:41,20150901010946-94,2,general-gate2
2015-07-01 13:55:40,20155901125946-822,2,camping4
2015-07-01 13:55:57,20151001011026-433,1,general-gate7
2015-07-01 13:55:58,20152809032822-774,1,general-gate4
2015-07-01 13:56:31,20155601015631-537,1,entrance2
2015-07-01 13:58:11,20150901010946-94,2,ranger-stop0
2015-07-01 13:59:47,20155901015947-373,2,entrance0
2015-07-01 14:00:05,20150330060312-987,1,camping4
2015-07-01 14:01:29,20150901010946-94,2,ranger-stop2
2015-07-01 14:01:51,20154101014157-341,1,general-gate5
2015-07-01 14:01:54,20150101020154-96,4,entrance1
2015-07-01 14:02:41,20155001015013-989,1,general-gate4
2015-07-01 14:02:51,20150201020251-919,2,entrance3
2015-07-01 14:04:20,20150901010946-94,2,general-gate1
2015-07-01 14:04:48,20154201014236-36,2,general-gate5
2015-07-01 14:05:38,20154101014157-341,1,general-gate6
2015-07-01 14:05:39,20151001011026-433,1,camping5
2015-07-01 14:06:09,20155201015221-957,3,general-gate7
2015-07-01 14:07:11,20152809032822-774,1,general-gate1
2015-07-01 14:08:30,20150801020830-440,1,entrance3
2015-07-01 14:09:01,20154201014236-36,2,general-gate6
2015-07-01 14:09:33,20150330060312-987,1,general-gate7
2015-07-01 14:09:41,20155001015013-989,1,general-gate7
2015-07-01 14:09:50,20152809032822-774,1,ranger-stop2
2015-07-01 14:11:54,20151101021154-37,2,entrance4
2015-07-01 14:12:52,20152809032822-774,1,ranger-stop0
2015-07-01 14:13:22,20154101014157-341,1,camping7
2015-07-01 14:13:24,20155901015947-373,2,general-gate4
2015-07-01 14:13:38,20155201015221-957,3,general-gate4
2015-07-01 14:15:48,20151501021548-648,1,entrance2
2015-07-01 14:16:05,20152809032822-774,1,general-gate2
2015-07-01 14:16:06,20150101020154-96,4,general-gate7
2015-07-01 14:16:25,20150330060312-987,1,general-gate4
2015-07-01 14:16:56,20151601021656-196,1,entrance3
2015-07-01 14:17:26,20150201020251-919,2,general-gate7
2015-07-01 14:17:40,20154201014236-36,2,camping7
2015-07-01 14:17:45,20154201014236-36,2,camping7
2015-07-01 14:17:57,20155601015631-537,1,general-gate2
2015-07-01 14:18:11,20151801021811-599,1,entrance3
2015-07-01 14:18:29,20153730123713-648,1,camping8
2015-07-01 14:21:04,20155901015947-373,2,general-gate7
2015-07-01 14:21:25,20155601015631-537,1,ranger-stop0
2015-07-01 14:23:09,20152301022309-569,2,entrance2
2015-07-01 14:23:17,20155001015013-989,1,camping3
2015-07-01 14:23:22,20155001015013-989,1,camping3
2015-07-01 14:23:36,20150801020830-440,1,general-gate7
2015-07-01 14:23:47,20150101020154-96,4,general-gate4
2015-07-01 14:24:42,20155601015631-537,1,ranger-stop2
2015-07-01 14:25:30,20155201015221-957,3,general-gate1
2015-07-01 14:26:03,20152601022603-965,3,entrance1
2015-07-01 14:26:19,20154201014236-36,2,general-gate6
2015-07-01 14:26:42,20150901010946-94,2,entrance3
2015-07-01 14:27:20,20150330060312-987,1,general-gate1
2015-07-01 14:27:25,20152701022725-153,3,entrance2
2015-07-01 14:27:31,20155601015631-537,1,general-gate1
2015-07-01 14:27:38,20152809032822-774,1,general-gate5
2015-07-01 14:28:16,20155201015221-957,3,ranger-stop2
2015-07-01 14:29:53,20150330060312-987,1,ranger-stop2
2015-07-01 14:30:34,20154201014236-36,2,general-gate5
2015-07-01 14:31:00,20151101021154-37,2,entrance2
2015-07-01 14:31:31,20155201015221-957,3,ranger-stop0
2015-07-01 14:31:52,20151801021811-599,1,general-gate7
2015-07-01 14:31:58,20153101023158-837,1,entrance2
2015-07-01 14:32:51,20150330060312-987,1,ranger-stop0
2015-07-01 14:32:56,20154530034515-528,1,camping3
2015-07-01 14:33:37,20150801020830-440,1,camping4
2015-07-01 14:34:46,20151025061010-490,2,camping2
2015-07-01 14:34:56,20155201015221-957,3,general-gate2
2015-07-01 14:35:01,20150201020251-919,2,camping2
2015-07-01 14:35:59,20150330060312-987,1,general-gate2
2015-07-01 14:36:52,20155001015013-989,1,general-gate7
2015-07-01 14:37:31,20150101020154-96,4,entrance0
2015-07-01 14:37:41,20152809032822-774,1,entrance4
2015-07-01 14:37:54,20151501021548-648,1,general-gate2
2015-07-01 14:38:20,20152601022603-965,3,general-gate7
2015-07-01 14:38:56,20151601021656-196,1,entrance0
2015-07-01 14:39:16,20153730123713-648,1,general-gate2
2015-07-01 14:39:32,20155601015631-537,1,general-gate4
2015-07-01 14:40:55,20151801021811-599,1,camping4
2015-07-01 14:40:57,20155901015947-373,2,camping0
2015-07-01 14:41:12,20154101024112-589,1,entrance0
2015-07-01 14:41:27,20151501021548-648,1,ranger-stop0
2015-07-01 14:42:16,20154201014236-36,2,general-gate2
2015-07-01 14:42:38,20153730123713-648,1,ranger-stop0
2015-07-01 14:42:59,20154201024259-199,2,entrance1
2015-07-01 14:43:52,20155001015013-989,1,general-gate4
2015-07-01 14:43:58,20152301022309-569,2,general-gate2
2015-07-01 14:44:26,20154729104715-725,1,camping4
2015-07-01 14:44:49,20151501021548-648,1,ranger-stop2
2015-07-01 14:45:31,20154201014236-36,2,ranger-stop0
2015-07-01 14:45:50,20153730123713-648,1,ranger-stop2
2015-07-01 14:46:05,20154530034515-528,1,general-gate7
2015-07-01 14:47:06,20155601015631-537,1,general-gate7
2015-07-01 14:47:10,20155201015221-957,3,general-gate5
2015-07-01 14:47:16,20150330060312-987,1,general-gate5
2015-07-01 14:47:19,20152301022309-569,2,ranger-stop0
2015-07-01 14:47:43,20151501021548-648,1,general-gate1
2015-07-01 14:48:36,20153730123713-648,1,general-gate1
2015-07-01 14:48:36,20154201014236-36,2,ranger-stop2
2015-07-01 14:50:13,20153730123713-648,1,entrance0
2015-07-01 14:50:24,20152701022725-153,3,general-gate2
2015-07-01 14:50:29,20152301022309-569,2,ranger-stop2
2015-07-01 14:51:15,20154201014236-36,2,general-gate1
2015-07-01 14:52:03,20151025061010-490,2,general-gate7
2015-07-01 14:52:19,20152601022603-965,3,entrance3
2015-07-01 14:52:46,20154527024553-723,1,camping5
2015-07-01 14:52:54,20154530034515-528,1,general-gate4
2015-07-01 14:53:12,20152301022309-569,2,general-gate1
2015-07-01 14:54:00,20154729104715-725,1,general-gate7
2015-07-01 14:54:06,20152701022725-153,3,ranger-stop0
2015-07-01 14:54:23,20153101023158-837,1,general-gate2
2015-07-01 14:54:32,20155401025432-410,1,entrance4
2015-07-01 14:55:00,20154201024259-199,2,general-gate7
2015-07-01 14:56:23,20155001015013-989,1,entrance0
2015-07-01 14:56:58,20155601025658-508,1,entrance2
2015-07-01 14:57:02,20150330060312-987,1,entrance4
2015-07-01 14:57:37,20152701022725-153,3,ranger-stop2
2015-07-01 14:57:59,20153101023158-837,1,ranger-stop0
2015-07-01 14:58:06,20155201015221-957,3,camping6
2015-07-01 14:58:13,20155201015221-957,3,camping6
2015-07-01 14:58:54,20151025061010-490,2,general-gate4
2015-07-01 15:00:06,20151501021548-648,1,general-gate4
2015-07-01 15:00:22,20155401025432-410,1,general-gate6
2015-07-01 15:00:38,20152701022725-153,3,general-gate1
2015-07-01 15:00:57,20154729104715-725,1,general-gate4
2015-07-01 15:01:24,20153101023158-837,1,ranger-stop2
2015-07-01 15:01:32,20154201024259-199,2,general-gate4
2015-07-01 15:02:18,20150201030218-279,1,entrance4
2015-07-01 15:03:32,20154101024112-589,1,entrance3
2015-07-01 15:03:38,20154527024553-723,1,general-gate7
2015-07-01 15:04:21,20153101023158-837,1,general-gate1
2015-07-01 15:04:51,20152301022309-569,2,general-gate4
2015-07-01 15:05:05,20154530034515-528,1,entrance0
2015-07-01 15:06:22,20155601015631-537,1,camping2
2015-07-01 15:06:32,20155601015631-537,1,camping2
2015-07-01 15:07:53,20151501021548-648,1,general-gate7
2015-07-01 15:08:10,20155401025432-410,1,camping7
2015-07-01 15:10:16,20151001031016-663,1,entrance0
2015-07-01 15:11:08,20151025061010-490,2,entrance0
2015-07-01 15:11:53,20154201024259-199,2,general-gate1
2015-07-01 15:11:59,20154729104715-725,1,general-gate1
2015-07-01 15:12:09,20154201014236-36,2,entrance3
2015-07-01 15:12:10,20152301022309-569,2,general-gate7
2015-07-01 15:12:29,20150201030218-279,1,general-gate5
2015-07-01 15:13:30,20152701022725-153,3,general-gate4
2015-07-01 15:14:19,20154201024259-199,2,ranger-stop2
2015-07-01 15:14:34,20154729104715-725,1,ranger-stop2
2015-07-01 15:14:55,20155601025658-508,1,camping6
2015-07-01 15:15:46,20151501031546-207,3,entrance3
2015-07-01 15:16:35,20151601031635-401,3,entrance3
2015-07-01 15:16:53,20153101023158-837,1,general-gate4
2015-07-01 15:17:08,20154201024259-199,2,ranger-stop0
2015-07-01 15:17:34,20154729104715-725,1,ranger-stop0
2015-07-01 15:18:43,20151501021548-648,1,camping4
2015-07-01 15:18:57,20155201015221-957,3,entrance2
2015-07-01 15:19:40,20154527024553-723,1,entrance3
2015-07-01 15:20:07,20154201024259-199,2,general-gate2
2015-07-01 15:20:44,20154729104715-725,1,general-gate2
2015-07-01 15:20:52,20150201030218-279,1,camping1
2015-07-01 15:21:00,20150201030218-279,1,camping1
2015-07-01 15:21:37,20152701022725-153,3,general-gate7
2015-07-01 15:22:37,20152301022309-569,2,camping5
2015-07-01 15:22:55,20151001031016-663,1,general-gate4
2015-07-01 15:23:35,20153126063149-265,1,camping6
2015-07-01 15:23:39,20152301032339-982,2,entrance4
2015-07-01 15:24:47,20153101023158-837,1,general-gate7
2015-07-01 15:25:40,20155601015631-537,1,general-gate7
2015-07-01 15:30:01,20151001031016-663,1,general-gate7
2015-07-01 15:30:04,20151501031546-207,3,general-gate7
2015-07-01 15:30:19,20152301032339-982,2,general-gate6
2015-07-01 15:30:50,20154201024259-199,2,general-gate5
2015-07-01 15:34:42,20154201024259-199,2,general-gate6
2015-07-01 15:37:01,20151601031635-401,3,general-gate1
2015-07-01 15:37:18,20153701033718-257,3,entrance4
2015-07-01 15:37:55,20150201030218-279,1,entrance2
2015-07-01 15:39:12,20152301032339-982,2,camping7
2015-07-01 15:39:38,20151601031635-401,3,ranger-stop2
2015-07-01 15:39:52,20153901033952-705,3,entrance0
2015-07-01 15:40:07,20153101023158-837,1,camping3
2015-07-01 15:40:29,20154729104715-725,1,entrance2
2015-07-01 15:41:39,20155601015631-537,1,entrance3
2015-07-01 15:42:13,20152701022725-153,3,camping2
2015-07-01 15:42:36,20154201024259-199,2,camping7
2015-07-01 15:42:38,20151601031635-401,3,ranger-stop0
2015-07-01 15:43:49,20153126063149-265,1,entrance2
2015-07-01 15:44:22,20154401034422-998,2,entrance0
2015-07-01 15:45:51,20151601031635-401,3,general-gate2
2015-07-01 15:46:35,20153701033718-257,3,general-gate5
2015-07-01 15:47:25,20151501031546-207,3,camping2
2015-07-01 15:48:02,20151001031016-663,1,camping2
2015-07-01 15:52:13,20153901033952-705,3,general-gate4
2015-07-01 15:52:24,20155201035224-590,1,entrance4
2015-07-01 15:55:26,20155501035526-887,1,entrance1
2015-07-01 15:55:44,20155501035544-811,3,entrance2
2015-07-01 15:57:19,20153701033718-257,3,general-gate2
2015-07-01 15:57:20,20151601031635-401,3,general-gate5
2015-07-01 15:57:20,20154401034422-998,2,general-gate4
2015-07-01 15:58:40,20155801035840-804,2P,ranger-base
2015-07-01 15:59:10,20153901033952-705,3,general-gate7
2015-07-01 16:00:17,20153701033718-257,3,ranger-stop0
2015-07-01 16:00:19,20155801035840-804,2P,gate8
2015-07-01 16:01:29,20151601031635-401,3,general-gate6
2015-07-01 16:01:30,20155501035526-887,1,camping2
2015-07-01 16:02:31,20150201040231-215,1,entrance3
2015-07-01 16:02:37,20150201040237-719,2P,ranger-base
2015-07-01 16:02:53,20155201035224-590,1,general-gate5
2015-07-01 16:03:07,20153701033718-257,3,ranger-stop2
2015-07-01 16:03:55,20150301040355-981,1,entrance1
2015-07-01 16:04:14,20150201040237-719,2P,gate8
2015-07-01 16:04:36,20154401034422-998,2,general-gate7
2015-07-01 16:05:32,20153701033718-257,3,general-gate1
2015-07-01 16:07:08,20150701040708-313,3,entrance1
2015-07-01 16:09:02,20153901033952-705,3,camping5
2015-07-01 16:09:36,20150201040237-719,2P,gate5
2015-07-01 16:10:00,20151601031635-401,3,camping7
2015-07-01 16:10:04,20151001041004-853,3,entrance4
2015-07-01 16:10:40,20150201040237-719,2P,ranger-stop6
2015-07-01 16:11:11,20155801035840-804,2P,general-gate5
2015-07-01 16:11:48,20150201040237-719,2P,gate6
2015-07-01 16:13:19,20155501035544-811,3,camping6
2015-07-01 16:14:58,20154401034422-998,2,camping5
2015-07-01 16:15:00,20155201035224-590,1,general-gate2
2015-07-01 16:15:01,20151501041501-974,1,entrance1
2015-07-01 16:15:14,20151501041514-837,1,entrance0
2015-07-01 16:15:30,20151501041530-577,2,entrance0
2015-07-01 16:15:48,20150301040355-981,1,general-gate7
2015-07-01 16:15:57,20153701033718-257,3,general-gate4
2015-07-01 16:16:45,20151501041514-837,1,general-gate1
2015-07-01 16:18:21,20151801041821-719,2,entrance3
2015-07-01 16:18:22,20155201035224-590,1,ranger-stop0
2015-07-01 16:18:24,20150201040231-215,1,general-gate7
2015-07-01 16:19:29,20151501041514-837,1,ranger-stop2
2015-07-01 16:19:32,20150701040708-313,3,general-gate7
2015-07-01 16:21:33,20151001041004-853,3,general-gate5
2015-07-01 16:21:34,20155201035224-590,1,ranger-stop2
2015-07-01 16:22:29,20153701033718-257,3,general-gate7
2015-07-01 16:22:39,20151501041514-837,1,ranger-stop0
2015-07-01 16:22:46,20152201042246-439,2,entrance2
2015-07-01 16:23:57,20155801035840-804,2P,general-gate2
2015-07-01 16:24:20,20155201035224-590,1,general-gate1
2015-07-01 16:24:59,20150301040355-981,1,camping5
2015-07-01 16:25:41,20150201040237-719,2P,general-gate7
2015-07-01 16:25:58,20151501041514-837,1,general-gate2
2015-07-01 16:27:29,20155801035840-804,2P,ranger-stop0
2015-07-01 16:27:35,20151501041530-577,2,general-gate4
2015-07-01 16:28:27,20151625101651-52,1,camping3
2015-07-01 16:29:05,20150701040708-313,3,camping5
2015-07-01 16:29:11,20151501041501-974,1,general-gate7
2015-07-01 16:34:23,20151501041530-577,2,general-gate7
2015-07-01 16:35:11,20153701033718-257,3,camping3
2015-07-01 16:35:14,20153701033718-257,3,camping3
2015-07-01 16:35:45,20153501043545-917,1,entrance1
2015-07-01 16:36:01,20152201042246-439,2,general-gate6
2015-07-01 16:36:05,20155201035224-590,1,general-gate4
2015-07-01 16:36:31,20151001041004-853,3,camping8
2015-07-01 16:36:51,20151501041501-974,1,general-gate4
2015-07-01 16:37:38,20150201040231-215,1,camping2
2015-07-01 16:37:54,20151501041514-837,1,general-gate5
2015-07-01 16:40:43,20151801041821-719,2,general-gate1
2015-07-01 16:40:58,20150225120206-4,1,camping2
2015-07-01 16:41:09,20150201040237-719,2P,gate2
2015-07-01 16:42:07,20151625101651-52,1,general-gate7
2015-07-01 16:42:13,20151501041514-837,1,general-gate6
2015-07-01 16:43:17,20150229050210-638,1,camping5
2015-07-01 16:43:28,20155201035224-590,1,general-gate7
2015-07-01 16:43:34,20151801041821-719,2,ranger-stop2
2015-07-01 16:43:51,20151501041530-577,2,camping4
2015-07-01 16:44:25,20152201042246-439,2,camping7
2015-07-01 16:45:36,20153501043545-917,1,camping3
2015-07-01 16:45:41,20153501043545-917,1,camping3
2015-07-01 16:45:54,20154501044554-839,2,entrance1
2015-07-01 16:46:03,20154601044603-526,3,entrance2
2015-07-01 16:46:24,20150201040237-719,2P,ranger-stop1
2015-07-01 16:46:53,20151801041821-719,2,ranger-stop0
2015-07-01 16:47:51,20153701033718-257,3,general-gate7
2015-07-01 16:48:16,20154801044816-267,2,entrance3
2015-07-01 16:49:12,20151625101651-52,1,general-gate4
2015-07-01 16:50:23,20151801041821-719,2,general-gate2
2015-07-01 16:50:33,20151501041501-974,1,entrance0
2015-07-01 16:51:03,20151501041514-837,1,camping7
2015-07-01 16:52:45,20150229050210-638,1,general-gate7
2015-07-01 16:54:24,20153701033718-257,3,general-gate4
2015-07-01 16:57:16,20150225120206-4,1,general-gate7
2015-07-01 16:57:46,20153501043545-917,1,general-gate7
2015-07-01 17:00:16,20154501044554-839,2,general-gate7
2015-07-01 17:01:38,20150101050138-171,3,entrance4
2015-07-01 17:01:52,20151625101651-52,1,entrance0
2015-07-01 17:02:40,20155201035224-590,1,camping0
2015-07-01 17:02:57,20151801041821-719,2,general-gate5
2015-07-01 17:04:10,20154801044816-267,2,general-gate7
2015-07-01 17:06:06,20153701033718-257,3,entrance0
2015-07-01 17:06:13,20154601044603-526,3,general-gate2
2015-07-01 17:06:46,20150229050210-638,1,entrance3
2015-07-01 17:07:30,20151801041821-719,2,general-gate6
2015-07-01 17:08:02,20150801050802-446,2,entrance3
2015-07-01 17:08:04,20154501044554-839,2,general-gate4
2015-07-01 17:09:28,20154601044603-526,3,ranger-stop0
2015-07-01 17:10:54,20150225120206-4,1,entrance3
2015-07-01 17:10:58,20153501043545-917,1,entrance3
2015-07-01 17:11:13,20150101050138-171,3,general-gate5
2015-07-01 17:11:51,20151101051151-134,1,entrance1
2015-07-01 17:12:32,20154601044603-526,3,ranger-stop2
2015-07-01 17:14:58,20154801044816-267,2,camping5
2015-07-01 17:15:11,20154601044603-526,3,general-gate1
2015-07-01 17:16:46,20154601044603-526,3,entrance0
2015-07-01 17:16:49,20151801041821-719,2,camping7
2015-07-01 17:17:26,20150201040237-719,2P,ranger-stop1
2015-07-01 17:17:29,20150201040237-719,2P,ranger-stop1
2015-07-01 17:18:36,20151101051151-134,1,camping4
2015-07-01 17:20:27,20154501044554-839,2,general-gate1
2015-07-01 17:21:38,20150801050802-446,2,general-gate7
2015-07-01 17:22:19,20150101050138-171,3,general-gate2
2015-07-01 17:23:21,20154501044554-839,2,ranger-stop2
2015-07-01 17:25:24,20150101050138-171,3,ranger-stop0
2015-07-01 17:26:31,20155801035840-804,2P,ranger-stop0
2015-07-01 17:26:43,20154501044554-839,2,ranger-stop0
2015-07-01 17:27:20,20152701052720-709,3,entrance2
2015-07-01 17:28:19,20150101050138-171,3,ranger-stop2
2015-07-01 17:29:52,20155801035840-804,2P,ranger-stop2
2015-07-01 17:30:16,20154501044554-839,2,general-gate2
2015-07-01 17:30:36,20150801050802-446,2,camping4
2015-07-01 17:30:51,20150101050138-171,3,general-gate1
2015-07-01 17:32:21,20150101050138-171,3,entrance0
2015-07-01 17:32:45,20155801035840-804,2P,general-gate1
2015-07-01 17:45:04,20155801035840-804,2P,general-gate4
2015-07-01 17:45:18,20152701052720-709,3,general-gate2
2015-07-01 17:48:10,20152701052720-709,3,ranger-stop0
2015-07-01 17:50:31,20150201040237-719,2P,ranger-stop1
2015-07-01 17:50:55,20152701052720-709,3,ranger-stop2
2015-07-01 17:52:17,20154501044554-839,2,camping8
2015-07-01 17:52:50,20155801035840-804,2P,general-gate7
2015-07-01 17:53:16,20152701052720-709,3,general-gate1
2015-07-01 17:55:40,20150201040237-719,2P,gate2
2015-07-01 18:03:19,20152701052720-709,3,general-gate4
2015-07-01 18:04:13,20150401060413-629,3,entrance1
2015-07-01 18:06:41,20155801035840-804,2P,ranger-stop4
2015-07-01 18:07:41,20150701060741-737,3,entrance4
2015-07-01 18:09:39,20152701052720-709,3,general-gate7
2015-07-01 18:11:09,20150201040237-719,2P,general-gate7
2015-07-01 18:17:56,20150401060413-629,3,general-gate7
2015-07-01 18:21:23,20152701052720-709,3,entrance1
2015-07-01 18:25:03,20150201040237-719,2P,gate6
2015-07-01 18:25:13,20150701060741-737,3,entrance2
2015-07-01 18:26:12,20150201040237-719,2P,ranger-stop6
2015-07-01 18:26:55,20152601062655-890,2,entrance2
2015-07-01 18:27:14,20150201040237-719,2P,gate5
2015-07-01 18:32:36,20150201040237-719,2P,gate8
2015-07-01 18:33:37,20150401060413-629,3,entrance3
2015-07-01 18:34:16,20150201040237-719,2P,ranger-base
2015-07-01 18:37:43,20155801035840-804,2P,ranger-stop4
2015-07-01 18:46:10,20152601062655-890,2,general-gate2
2015-07-01 18:49:16,20152601062655-890,2,ranger-stop0
2015-07-01 18:51:19,20153924013929-447,1,camping4
2015-07-01 18:51:30,20155801035840-804,2P,general-gate7
2015-07-01 18:52:12,20152601062655-890,2,ranger-stop2
2015-07-01 18:53:27,20155301065327-174,3,entrance2
2015-07-01 18:54:43,20152601062655-890,2,general-gate1
2015-07-01 18:56:13,20152601062655-890,2,entrance0
2015-07-01 18:59:13,20155801035840-804,2P,general-gate4
2015-07-01 19:02:07,20153924013929-447,1,general-gate7
2015-07-01 19:11:32,20155801035840-804,2P,general-gate1
2015-07-01 19:12:13,20155301065327-174,3,general-gate2
2015-07-01 19:14:25,20155801035840-804,2P,ranger-stop2
2015-07-01 19:15:14,20155301065327-174,3,ranger-stop0
2015-07-01 19:17:03,20151701071703-253,4,entrance1
2015-07-01 19:18:05,20155301065327-174,3,ranger-stop2
2015-07-01 19:18:39,20153924013929-447,1,entrance3
2015-07-01 19:20:32,20155301065327-174,3,general-gate1
2015-07-01 19:25:14,20152830022847-358,3,camping3
2015-07-01 19:26:26,20155123095125-681,2,camping3
2015-07-01 19:30:20,20151701071703-253,4,general-gate7
2015-07-01 19:31:03,20155301065327-174,3,general-gate4
2015-07-01 19:32:27,20155801035840-804,2P,ranger-stop2
2015-07-01 19:35:48,20155801035840-804,2P,ranger-stop0
2015-07-01 19:37:33,20151701071703-253,4,general-gate4
2015-07-01 19:37:40,20155301065327-174,3,general-gate7
2015-07-01 19:37:58,20152830022847-358,3,general-gate7
2015-07-01 19:39:20,20155801035840-804,2P,general-gate2
2015-07-01 19:39:28,20155123095125-681,2,general-gate7
2015-07-01 19:44:34,20152830022847-358,3,general-gate4
2015-07-01 19:46:14,20155123095125-681,2,general-gate4
2015-07-01 19:49:02,20151701071703-253,4,general-gate1
2015-07-01 19:49:55,20155301065327-174,3,entrance1
2015-07-01 19:51:44,20151701071703-253,4,ranger-stop2
2015-07-01 19:52:05,20155801035840-804,2P,general-gate5
2015-07-01 19:54:51,20151701071703-253,4,ranger-stop0
2015-07-01 19:56:23,20152830022847-358,3,entrance0
2015-07-01 19:56:58,20155123095125-681,2,general-gate1
2015-07-01 19:58:08,20151701071703-253,4,general-gate2
2015-07-01 19:59:30,20155123095125-681,2,ranger-stop2
2015-07-01 20:02:24,20155123095125-681,2,ranger-stop0
2015-07-01 20:03:00,20155801035840-804,2P,gate8
2015-07-01 20:04:43,20155801035840-804,2P,ranger-base
2015-07-01 20:05:29,20155123095125-681,2,general-gate2
2015-07-01 20:09:57,20151701071703-253,4,general-gate5
2015-07-01 20:20:14,20151701071703-253,4,entrance4
2015-07-01 20:24:41,20155123095125-681,2,entrance2
2015-07-01 20:26:52,20153619073613-656,2,camping0
2015-07-01 20:46:15,20153619073613-656,2,general-gate7
2015-07-01 20:53:45,20153619073613-656,2,general-gate4
2015-07-01 21:05:41,20153619073613-656,2,general-gate1
2015-07-01 21:08:28,20153619073613-656,2,ranger-stop2
2015-07-01 21:11:43,20153619073613-656,2,ranger-stop0
2015-07-01 21:12:51,20152929022956-198,1,camping0
2015-07-01 21:15:08,20153619073613-656,2,general-gate2
2015-07-01 21:23:54,20153026033020-755,3,camping6
2015-07-01 21:29:25,20152929022956-198,1,general-gate7
2015-07-01 21:31:49,20152329052335-690,1,camping5
2015-07-01 21:35:07,20153026033020-755,3,general-gate5
2015-07-01 21:36:27,20153619073613-656,2,entrance2
2015-07-01 21:38:19,20153428103458-866,2,camping4
2015-07-01 21:40:59,20152329052335-690,1,general-gate7
2015-07-01 21:42:55,20152929022956-198,1,entrance3
2015-07-01 21:46:28,20153428103458-866,2,entrance1
2015-07-01 21:47:24,20152329052335-690,1,general-gate4
2015-07-01 21:47:51,20153026033020-755,3,general-gate2
2015-07-01 21:51:22,20153026033020-755,3,ranger-stop0
2015-07-01 21:54:43,20153026033020-755,3,ranger-stop2
2015-07-01 21:57:35,20153026033020-755,3,general-gate1
2015-07-01 21:58:56,20152329052335-690,1,entrance0
2015-07-01 21:59:18,20153026033020-755,3,entrance0
2015-07-01 22:26:28,20153830123835-677,1,camping0
2015-07-01 22:31:46,20155630015659-740,1,camping8
2015-07-01 22:32:25,20153201103225-274,6,entrance3
2015-07-01 22:44:05,20153830123835-677,1,general-gate7
2015-07-01 22:50:55,20153830123835-677,1,general-gate4
2015-07-01 22:53:11,20152828012807-551,2,camping6
2015-07-01 22:53:39,20155630015659-740,1,general-gate2
2015-07-01 22:54:01,20153201103225-274,6,general-gate1
2015-07-01 22:56:46,20153201103225-274,6,ranger-stop2
2015-07-01 22:57:11,20155630015659-740,1,ranger-stop0
2015-07-01 22:59:14,20153229033240-417,1,camping5
2015-07-01 22:59:58,20153201103225-274,6,ranger-stop0
2015-07-01 23:00:33,20155630015659-740,1,ranger-stop2
2015-07-01 23:01:46,20153830123835-677,1,general-gate1
2015-07-01 23:03:20,20153201103225-274,6,general-gate2
2015-07-01 23:03:27,20155630015659-740,1,general-gate1
2015-07-01 23:04:18,20153830123835-677,1,ranger-stop2
2015-07-01 23:05:01,20152828012807-551,2,general-gate5
2015-07-01 23:07:15,20153830123835-677,1,ranger-stop0
2015-07-01 23:08:10,20153229033240-417,1,general-gate7
2015-07-01 23:10:22,20153830123835-677,1,general-gate2
2015-07-01 23:18:24,20152828012807-551,2,general-gate2
2015-07-01 23:21:25,20153229033240-417,1,entrance3
2015-07-01 23:21:34,20153830123835-677,1,general-gate5
2015-07-01 23:22:07,20152828012807-551,2,ranger-stop0
2015-07-01 23:24:19,20153201103225-274,6,entrance2
2015-07-01 23:25:39,20152828012807-551,2,ranger-stop2
2015-07-01 23:26:11,20155630015659-740,1,entrance3
2015-07-01 23:28:42,20152828012807-551,2,general-gate1
2015-07-01 23:31:18,20153830123835-677,1,entrance4
2015-07-01 23:39:55,20153901113955-499,6,entrance4
2015-07-01 23:41:38,20152828012807-551,2,general-gate4
2015-07-01 23:49:22,20153901113955-499,6,general-gate5
2015-07-01 23:49:48,20152828012807-551,2,general-gate7
